City_ID,City,Lat,Lng,Max Temp,Humidity,Cloudiness,Wind Speed,Country,Date
0,ambodifotatra,-16.9833,49.85,23.43,79,72,5.76,MG,1694724292
1,nea ionia,38.0373,23.7595,26.45,62,0,1.34,GR,1694724292
2,west island,-12.1568,96.8225,24.99,73,40,4.63,CC,1694724292
3,alice springs,-23.7,133.8833,9.75,40,0,2.06,AU,1694724085
4,hawaiian paradise park,19.5933,-154.9731,27.16,84,100,1.54,US,1694724293
5,blackmans bay,-43.0167,147.3167,15.07,72,90,4.02,AU,1694724293
6,ancud,-41.8697,-73.8203,11.33,97,100,11.9,CL,1694724293
7,waitangi,-43.9535,-176.5597,12.12,91,99,3.13,NZ,1694724293
8,port elizabeth,-33.918,25.5701,13.16,82,0,3.09,ZA,1694724294
9,talnakh,69.4865,88.3972,8.45,93,100,6.1,RU,1694724294
10,polyarnyy,69.1989,33.4478,5.39,77,56,0.91,RU,1694724294
11,utrik,11.2278,169.8474,28.55,77,22,6.61,MH,1694724294
12,kavieng,-2.5744,150.7967,27.48,78,96,5.94,PG,1694724294
13,grytviken,-54.2811,-36.5092,-7.1,81,20,1.77,GS,1694724295
14,lata,40.1629,-8.3327,20.51,86,82,1.76,PT,1694724295
15,vorgashor,67.5833,63.95,9.2,91,100,0.75,RU,1694724295
16,adamstown,-25.066,-130.1015,18.31,58,99,9.99,PN,1694724295
17,chibuto,-24.6867,33.5306,19.32,53,0,4.24,MZ,1694724296
18,puerto natales,-51.7236,-72.4875,4.16,85,100,1.12,CL,1694724296
19,nantucket,41.2835,-70.0995,24.08,73,0,4.12,US,1694724292
20,nema,57.5067,50.5011,11.44,76,72,1.53,RU,1694724296
21,nueva gerona,21.8833,-82.8,32.13,50,41,1.61,CU,1694724296
22,bilibino,68.0546,166.4372,3.79,67,86,1.22,RU,1694724297
23,kailua-kona,19.6406,-155.9956,30.28,70,20,5.14,US,1694724247
24,edinburgh of the seven seas,-37.0676,-12.3116,10.96,63,73,4.13,SH,1694724297
25,ouallam,14.3188,2.0866,34.52,40,2,3.58,NE,1694724297
26,nagqu,31.5,92.0,-0.47,84,35,1.31,CN,1694724298
27,east london,-33.0153,27.9116,15.51,70,44,2.38,ZA,1694724298
28,kununurra,-15.7667,128.7333,24.99,29,24,4.12,AU,1694724298
29,bethel,41.3712,-73.414,25.35,56,0,4.12,US,1694724298
30,kirakira,-10.4544,161.9205,25.65,84,72,1.68,SB,1694724298
31,satuek,15.297,103.2919,23.67,97,100,4.57,TH,1694724299
32,prince albert,53.2001,-105.7677,11.97,87,100,5.14,CA,1694724299
33,khandyga,62.6667,135.6,5.62,97,100,2.21,RU,1694724299
34,tolanaro,-25.0319,46.9987,20.04,94,75,7.2,MG,1694724299
35,lihue,21.9789,-159.3672,28.58,74,75,6.69,US,1694724293
36,port-aux-francais,-49.35,70.2167,3.39,86,93,15.44,TF,1694724300
37,vorkuta,67.5,64.0,9.57,90,100,0.8,RU,1694724300
38,longyearbyen,78.2186,15.6401,2.91,70,40,8.75,SJ,1694724300
39,yuzhno-kurilsk,44.0306,145.8556,15.35,96,100,3.68,RU,1694724300
40,albany,42.6001,-73.9662,21.92,55,4,0.45,US,1694723708
41,enewetak,11.3474,162.3373,28.85,74,97,4.87,MH,1694724301
42,puerto ayora,-0.7393,-90.3518,26.98,86,65,6.71,EC,1694724301
43,avarua,-21.2078,-159.775,25.03,73,20,8.75,CK,1694724301
44,ak-dovurak,51.1833,90.6,9.93,85,100,1.26,RU,1694724302
45,lazaro cardenas,17.9583,-102.2,30.66,72,87,3.34,MX,1694724302
46,udachny,66.4167,112.4,8.25,92,100,5.88,RU,1694724303
47,saint-joseph,-21.3667,55.6167,19.21,79,4,4.24,RE,1694724303
48,nola,40.922,14.5329,24.79,79,49,0.48,IT,1694724304
49,timimoun,29.2639,0.231,34.21,11,40,4.63,DZ,1694724304
50,acajutla,13.5928,-89.8275,29.86,69,96,2.25,SV,1694724046
51,georgetown,5.4112,100.3354,27.96,84,20,2.68,MY,1694724258
52,vilyuchinsk,52.9306,158.4028,11.15,77,100,3.36,RU,1694724305
53,iqaluit,63.7506,-68.5145,3.85,64,75,6.71,CA,1694724305
54,hastings,50.8552,0.5729,16.96,40,22,0.51,GB,1694724305
55,georgievka,49.3314,81.5761,11.65,82,99,3.08,KZ,1694724305
56,port blair,11.6667,92.75,26.02,94,100,1.03,IN,1694724306
57,torghay,49.6339,63.4981,15.88,48,100,1.12,KZ,1694724306
58,rizokarpaso,35.6,34.375,26.4,55,0,4.69,CY,1694724306
59,olonkinbyen,70.9221,-8.7187,4.44,80,43,2.59,SJ,1694724306
60,motygino,58.1831,94.7592,8.66,75,98,1.3,RU,1694724307
61,the pas,53.8251,-101.2541,19.01,48,24,7.2,CA,1694724049
62,zaozersk,69.4005,32.4476,3.2,83,22,0.42,RU,1694724307
63,morehead city,34.7229,-76.726,29.03,66,0,8.23,US,1694724307
64,margaret river,-33.95,115.0667,16.05,78,100,8.49,AU,1694724106
65,urangan,-25.3,152.9,18.69,64,13,5.85,AU,1694724308
66,mount gambier,-37.8333,140.7667,10.51,96,95,2.7,AU,1694724308
67,tenosique,17.4833,-91.4333,33.21,57,37,2.99,MX,1694724302
68,yellowknife,62.456,-114.3525,13.01,95,100,3.6,CA,1694724308
69,hermanus,-34.4187,19.2345,12.9,80,53,9.29,ZA,1694724309
70,thompson,55.7435,-97.8558,19.09,68,75,0.0,CA,1694724309
71,mil'kovo,55.6078,37.7956,14.63,61,2,2.78,RU,1694724309
72,berdigestyakh,62.0989,126.6992,2.16,89,94,2.59,RU,1694724309
73,college,64.8569,-147.8028,14.0,57,75,2.06,US,1694724060
74,cassilandia,-19.1133,-51.7342,19.59,81,100,1.05,BR,1694724263
75,kiryu,36.4,139.3333,25.08,87,68,1.14,JP,1694724310
76,nova sintra,14.8667,-24.7167,24.26,82,9,6.31,CV,1694724310
77,chibougamau,49.9168,-74.3659,10.79,82,100,4.63,CA,1694724310
78,kidal,18.4411,1.4078,33.39,34,91,4.82,ML,1694724311
79,sona,45.4388,10.8255,22.91,78,20,1.54,IT,1694724311
80,prado,-17.3411,-39.2208,24.2,88,0,6.4,BR,1694724311
81,ust-nera,64.5667,143.2,1.96,90,87,1.98,RU,1694724311
82,tiksi,71.6872,128.8694,1.65,99,100,1.13,RU,1694724311
83,axim,4.8699,-2.2405,24.12,94,93,2.84,GH,1694724312
84,chui,-33.6971,-53.4616,11.06,78,73,2.0,UY,1694724312
85,mount isa,-20.7333,139.5,11.87,54,0,2.06,AU,1694724312
86,saint-philippe,-21.3585,55.7679,19.77,80,7,3.71,RE,1694724312
87,boca suno,-0.7167,-77.1333,28.77,95,100,0.93,EC,1694724313
88,quellon,-43.1167,-73.6167,12.14,94,100,7.2,CL,1694724313
89,ta`u,-14.2336,-169.5144,26.68,80,22,8.14,AS,1694724313
90,dudinka,69.4058,86.1778,8.68,89,98,5.77,RU,1694724313
91,donja mahala,45.0469,18.6664,20.72,76,59,3.06,BA,1694724313
92,jamestown,42.097,-79.2353,19.45,53,20,4.12,US,1694724314
93,mili,6.0815,171.735,28.36,76,57,3.72,MH,1694724314
94,mugia,43.1041,-9.2179,19.53,83,0,2.9,ES,1694724314
95,massawa,15.6097,39.45,32.32,63,21,5.17,ER,1694724315
96,ribeira grande,38.5167,-28.7,23.22,88,40,4.63,PT,1694724315
97,gizo,-8.103,156.8419,26.39,82,90,6.51,SB,1694724315
98,ghat,24.9647,10.1728,30.31,14,0,4.28,LY,1694724315
99,lompoc,34.6391,-120.4579,28.34,76,100,2.06,US,1694724315
100,carroll,39.5501,-77.0164,26.01,41,0,1.79,US,1694724316
101,ushuaia,-54.8,-68.3,4.81,65,40,5.66,AR,1694724121
102,filingue,14.3521,3.3168,34.35,41,58,3.72,NE,1694724316
103,uturoa,-16.7333,-151.4333,23.86,85,100,9.37,PF,1694724316
104,papatowai,-46.5619,169.4708,5.69,86,99,8.41,NZ,1694724317
105,anadyr,64.75,177.4833,4.28,93,75,1.0,RU,1694724317
106,tazacorte,28.629,-17.9293,24.54,73,75,7.2,ES,1694724317
107,gadzhiyevo,69.2551,33.3362,4.91,78,57,1.0,RU,1694724318
108,fortuna,40.5982,-124.1573,22.51,70,20,6.17,US,1694724318
109,uttar char fasson,22.2332,90.7132,27.8,85,100,8.94,BD,1694724318
110,constantia,44.1833,28.65,20.39,64,64,7.3,RO,1694724318
111,bredasdorp,-34.5322,20.0403,9.93,85,97,3.88,ZA,1694724318
112,kish,26.5578,54.0194,33.15,84,12,3.09,IR,1694724319
113,cadale,2.7603,46.3222,25.33,87,96,7.79,SO,1694724319
114,umba,66.6871,34.3429,7.94,90,99,3.68,RU,1694724319
115,huoqiu chengguanzhen,32.3547,116.2939,21.02,90,67,2.18,CN,1694724319
116,taltal,-25.4,-70.4833,20.06,60,22,2.04,CL,1694724320
117,veinticinco de mayo,-35.4323,-60.1727,17.77,46,100,2.68,AR,1694724082
118,st. john's,47.5649,-52.7093,17.38,97,100,4.63,CA,1694724248
119,mangai,-4.05,19.5333,25.43,69,96,0.8,CD,1694724320
120,virginia,37.5481,-77.4467,28.39,46,75,3.6,US,1694724033
121,unterseen,46.6853,7.8472,19.34,78,89,1.05,CH,1694724321
122,afaahiti,-17.75,-149.2833,21.93,88,99,9.07,PF,1694724321
123,norilsk,69.3535,88.2027,8.57,92,100,5.88,RU,1694724321
124,antsiranana,-12.2787,49.2917,23.04,79,46,7.7,MG,1694724321
125,wailua homesteads,22.0669,-159.378,28.24,73,75,6.69,US,1694724322
126,guiping,23.3925,110.0814,23.26,95,100,0.83,CN,1694724322
127,chonchi,-42.6128,-73.8092,12.56,97,100,5.89,CL,1694724322
128,richards bay,-28.783,32.0377,18.94,73,0,1.36,ZA,1694724322
129,ust'-ilimsk,58.0006,102.6619,6.03,76,44,1.24,RU,1694724323
130,happy valley-goose bay,53.3168,-60.3315,21.17,78,75,3.6,CA,1694724323
131,colonia,50.9333,6.95,16.64,74,0,2.06,DE,1694724279
132,labrador city,52.9463,-66.9114,17.95,68,75,2.06,CA,1694724323
133,pimentel,-6.8367,-79.9342,24.16,60,40,9.26,PE,1694724324
134,la ronge,55.1001,-105.2842,16.12,67,75,6.69,CA,1694724324
135,villanueva,15.3167,-88.0,32.55,58,40,7.2,HN,1694724324
136,salinopolis,-0.6136,-47.3561,26.8,83,37,5.91,BR,1694724324
137,zaragoza,41.6561,-0.8773,26.12,52,0,2.57,ES,1694724325
138,retreat,38.8245,-85.8533,26.88,36,0,1.79,US,1694724325
139,fort st. john,56.2499,-120.8529,17.94,32,75,4.12,CA,1694724285
140,igarka,67.4667,86.5833,12.1,87,100,6.13,RU,1694724325
141,ilulissat,69.2167,-51.1,5.01,60,75,0.51,GL,1694724326
142,sarandi del yi,-33.35,-55.6333,12.11,54,64,2.41,UY,1694724326
143,gwadar,25.1216,62.3254,26.2,85,54,1.75,PK,1694724326
144,invercargill,-46.4,168.35,6.68,82,93,4.47,NZ,1694724027
145,jatai,-17.8814,-51.7144,22.99,69,99,2.91,BR,1694724122
146,tres lagoas,-20.7511,-51.6783,21.94,51,100,3.04,BR,1694724235
147,saldanha,-33.0117,17.9442,13.03,88,97,7.74,ZA,1694724327
148,klyuchi,52.2667,79.1667,9.64,90,5,3.0,RU,1694724327
149,aykhal,66.0,111.5,8.09,93,100,7.78,RU,1694724327
150,valparaiso,-33.0393,-71.6273,25.8,51,0,7.72,CL,1694724328
151,villamontes,-21.25,-63.5,28.69,37,0,0.0,BO,1694724328
152,atafu village,-8.5421,-172.5159,28.41,72,3,3.87,TK,1694724328
153,bonthe,7.5264,-12.505,25.69,88,94,2.94,SL,1694724328
154,island harbour,50.724,-1.2758,15.52,90,14,1.03,GB,1694724329
155,amvrosiyivka,47.7935,38.4777,16.01,44,52,2.59,UA,1694724329
156,bowen,-20.0167,148.2333,17.67,78,0,4.46,AU,1694724329
157,kingston,17.997,-76.7936,32.53,66,20,6.17,JM,1694724064
158,aydincik,36.1437,33.3202,25.58,33,0,5.25,TR,1694724329
159,xiva,41.3783,60.3639,13.99,31,73,5.02,UZ,1694724330
160,praia da vitoria,38.7333,-27.0667,23.2,94,75,4.35,PT,1694724330
161,ingeniero jacobacci,-41.3427,-69.5448,11.93,62,86,18.13,AR,1694724330
162,qaqortoq,60.7167,-46.0333,6.33,85,100,3.03,GL,1694724330
163,fuglafjordur,62.244,-6.814,9.26,93,100,16.23,FO,1694724330
164,moro,26.6646,68.0016,31.3,54,74,2.65,PK,1694724331
165,spanish wells,26.323,-81.7957,34.02,66,0,7.2,US,1694724331
166,ravar,31.2656,56.8055,27.33,14,0,1.3,IR,1694724331
167,maraba,-5.3686,-49.1178,32.1,58,0,2.06,BR,1694724067
168,balangir,20.7167,83.4833,24.02,96,100,4.71,IN,1694724122
169,pacasmayo,-7.4006,-79.5714,21.4,71,50,7.12,PE,1694724332
170,santana,-0.0583,-51.1817,33.1,55,20,2.57,BR,1694724332
171,new river,33.9159,-112.136,36.18,36,0,3.43,US,1694724252
172,viljandi,58.3639,25.59,8.55,84,68,2.06,EE,1694724333
173,namibe,-15.1961,12.1522,17.78,87,47,1.01,AO,1694724333
174,jamsa,61.8642,25.19,7.4,82,68,1.82,FI,1694724333
175,port isabel,26.0734,-97.2086,38.05,57,0,10.8,US,1694724333
176,amga,60.8953,131.9608,1.25,96,93,1.13,RU,1694724334
177,sao miguel do iguacu,-25.3481,-54.2378,19.69,61,0,1.83,BR,1694724334
178,stephenville,32.2207,-98.2023,26.59,78,75,0.45,US,1694724334
179,isafjordur,66.0755,-23.124,6.83,67,15,0.32,IS,1694724334
180,shakhtersk,48.0625,38.5167,14.73,47,36,2.49,UA,1694724335
181,porto seguro,-16.4497,-39.0647,26.29,73,20,5.66,BR,1694724335
182,merizo village,13.2658,144.6691,27.21,95,41,5.52,GU,1694724335
183,vilyuysk,63.7553,121.6247,1.25,96,100,2.38,RU,1694724335
184,magdagachi,53.45,125.8,2.33,95,0,2.51,RU,1694724336
185,badger,64.8,-147.5333,13.96,59,75,2.06,US,1694724336
186,kodiak,57.79,-152.4072,9.73,66,40,2.06,US,1694724190
187,gornozavodsk,58.3758,58.3211,8.57,92,83,1.22,RU,1694724336
188,tocopilla,-22.092,-70.1979,20.19,68,15,2.95,CL,1694724114
189,holualoa,19.6228,-155.9522,28.77,70,20,5.14,US,1694724337
190,palmer,42.1584,-72.3287,23.75,51,40,4.63,US,1694724337
191,illizi,26.4833,8.4667,32.89,14,8,5.41,DZ,1694724337
192,abdanan,32.9926,47.4198,24.9,27,0,5.0,IR,1694724337
193,san andres,12.5847,-81.7006,32.01,70,40,3.09,CO,1694724338
194,mlimba,-8.8,35.8167,22.86,51,2,1.38,TZ,1694724338
195,la passe,45.5549,-0.8967,21.13,74,0,2.95,FR,1694724338
196,tabou,4.423,-7.3528,24.8,91,97,2.22,CI,1694724338
197,sisimiut,66.9395,-53.6735,3.48,86,100,11.65,GL,1694724338
198,yanykurgan,43.915,67.2481,15.34,32,45,5.12,KZ,1694724339
199,panacan,9.2463,118.4082,26.5,83,100,1.67,PH,1694724339
200,awjilah,29.1081,21.2869,24.23,43,0,4.53,LY,1694724339
201,hirara,24.8,125.2833,27.92,94,40,5.14,JP,1694724339
202,smithers,54.7804,-127.1743,14.18,54,75,1.54,CA,1694724340
203,surgut,61.25,73.4167,11.06,93,20,0.0,RU,1694724079
204,revelstoke,50.9832,-118.2023,20.01,42,20,1.03,CA,1694724141
205,yulinshi,38.2906,109.7494,16.95,78,8,5.2,CN,1694724340
206,port hedland,-20.3167,118.5667,18.03,94,0,3.09,AU,1694724340
207,yuanping,38.7153,112.7575,14.63,90,1,0.59,CN,1694724341
208,mejit,10.2753,170.8646,28.61,75,100,6.55,MH,1694724341
209,alofi,-19.0595,-169.9187,24.94,69,40,7.2,NU,1694724341
210,tamanrasset,22.785,5.5228,29.95,17,40,2.06,DZ,1694724341
211,jhabua,22.7667,74.6,23.35,95,100,3.52,IN,1694724343
212,al lagowa,11.4,29.1333,26.92,57,49,1.95,SD,1694724343
213,rabo de peixe,37.8,-25.5833,22.73,88,40,1.03,PT,1694724139
214,nueva helvecia,-34.3,-57.2333,15.89,59,68,1.97,UY,1694724343
215,haiku-pauwela,20.9219,-156.3051,27.36,76,75,6.69,US,1694724343
216,dhidhdhoo,6.8833,73.1,27.9,77,99,4.83,MV,1694724344
217,chebba,35.2372,11.115,25.85,61,82,4.79,TN,1694724344
218,el abiodh sidi cheikh,32.893,0.5484,25.74,34,100,1.79,DZ,1694724344
219,yerofey pavlovich,53.9667,121.9667,0.37,88,4,1.55,RU,1694724344
220,remire-montjoly,4.9167,-52.2667,31.02,70,0,6.69,GF,1694724344
221,susuman,62.7833,148.1667,3.12,85,100,1.39,RU,1694724345
222,quezon,7.7303,125.0989,22.68,96,98,0.37,PH,1694724345
223,porto novo,6.4965,2.6036,25.9,90,48,3.0,BJ,1694724345
224,moranbah,-22.0016,148.0466,14.66,79,0,4.38,AU,1694724345
225,goz beida,13.95,20.55,24.77,77,100,4.55,TD,1694724345
226,leava,-14.3,-178.1667,27.32,78,80,9.07,WF,1694724346
227,soio,-6.1349,12.3689,23.45,89,30,2.9,AO,1694724346
228,stanley,54.868,-1.6985,13.21,88,20,0.51,GB,1694724346
229,san patricio,28.017,-97.5169,38.4,44,10,7.91,US,1694724346
230,kone,-21.0595,164.8658,19.23,97,98,3.59,NC,1694724347
231,heroica guaymas,27.9333,-110.9,37.16,46,20,4.63,MX,1694724347
232,phaltan,17.9833,74.4333,22.45,83,76,2.53,IN,1694724347
233,roses,42.262,3.1769,23.35,73,5,3.21,ES,1694724347
234,beaconsfield,45.4334,-73.8659,16.68,74,100,6.69,CA,1694724348
235,fort bragg,35.139,-79.006,30.08,55,40,6.69,US,1694724348
236,snezhinsk,56.085,60.7314,13.31,75,17,0.45,RU,1694724348
237,kievka,50.2619,71.5514,11.29,74,97,1.98,KZ,1694724080
238,i-n-salah,27.1935,2.4607,33.97,11,1,6.53,DZ,1694724348
239,arkhara,49.4212,130.0842,8.34,95,100,2.48,RU,1694724349
240,pontiac,42.6389,-83.2911,21.72,56,75,2.06,US,1694724349
241,al qubbah,32.7616,22.2424,18.94,81,18,6.44,LY,1694724349
242,konstantinovka,49.6167,127.9833,12.18,75,100,3.78,RU,1694724349
243,punta arenas,-53.15,-70.9167,7.06,49,75,7.72,CL,1694724350
244,yambio,4.5721,28.3955,20.39,98,100,0.95,SS,1694724350
245,glace bay,46.1969,-59.957,20.61,97,100,6.69,CA,1694724350
246,kapa'a,22.0752,-159.319,28.99,72,75,6.69,US,1694724350
247,whitehorse,60.7161,-135.0538,10.43,66,75,8.23,CA,1694724350
248,new norfolk,-42.7826,147.0587,15.72,70,92,2.07,AU,1694724351
249,vuktyl,63.8567,57.3094,10.79,87,7,2.7,RU,1694724351
250,cambria,35.5641,-121.0808,31.8,64,14,1.94,US,1694724351
251,fleron,50.6151,5.6814,15.98,82,0,3.09,BE,1694724351
252,akureyri,65.6835,-18.0878,5.96,93,75,3.09,IS,1694724351
253,amasra,41.7463,32.3863,17.97,57,1,2.81,TR,1694724352
254,alexandria,31.2156,29.9553,24.3,65,0,4.46,EG,1694724352
255,banda aceh,5.5577,95.3222,26.0,81,100,2.01,ID,1694724352
256,bilaspur,22.0833,82.15,24.27,96,100,1.3,IN,1694724353
257,greymouth,-42.4667,171.2,10.66,82,87,2.51,NZ,1694724353
258,quibdo,5.6947,-76.6611,26.19,100,75,5.14,CO,1694724353
259,martinho campos,-19.3317,-45.2369,29.08,29,56,1.77,BR,1694724353
260,inga,-7.2808,-35.6044,29.25,73,19,5.74,BR,1694724354
261,saipan,15.1355,145.701,27.39,89,40,2.06,MP,1694724354
262,fale old settlement,-9.3852,-171.2468,28.28,74,20,3.38,TK,1694724354
263,padang,-0.9492,100.3543,24.03,90,36,2.45,ID,1694724282
264,misratah,32.3754,15.0925,24.99,59,1,5.18,LY,1694724354
265,chernyshevsk,52.5243,117.0174,5.2,88,31,3.09,RU,1694724355
266,bogande,12.9714,-0.1436,28.38,59,8,4.27,BF,1694724355
267,nar'yan-mar,67.6713,53.087,6.48,92,100,6.35,RU,1694724355
268,severo-yeniseyskiy,60.3725,93.0408,4.15,86,14,0.86,RU,1694724355
269,pierre,44.3683,-100.351,22.51,64,100,5.14,US,1694724356
270,ketchikan,55.3422,-131.6461,14.26,72,100,8.23,US,1694724356
271,aasiaat,68.7098,-52.8699,0.65,98,100,1.66,GL,1694724356
272,inirida,3.8653,-67.9239,33.08,50,80,1.82,CO,1694724356
273,tevriz,57.509,72.4042,10.19,85,32,0.19,RU,1694724357
274,siwa oasis,29.2041,25.5195,27.43,22,0,2.19,EG,1694724357
275,north bend,43.4065,-124.2243,35.69,60,0,5.14,US,1694724357
276,bogalusa,30.791,-89.8487,33.18,51,40,0.0,US,1694724357
277,nyurba,63.2842,118.3319,4.11,96,100,3.51,RU,1694724357
278,astoria,46.1879,-123.8313,28.73,56,0,3.6,US,1694724358
279,tejen,37.3834,60.5054,21.17,29,0,3.4,TM,1694724358
280,florence,43.7667,11.25,23.63,70,20,2.24,IT,1694724267
281,zaraza,9.3503,-65.3245,29.9,64,95,0.61,VE,1694724358
282,buerarema,-14.9594,-39.2997,27.33,89,0,1.61,BR,1694724359
283,rimouski,48.4488,-68.524,19.1,78,2,6.03,CA,1694724319
284,newman,37.3138,-121.0208,33.92,18,0,0.48,US,1694724359
285,bethanie,-26.4833,17.15,16.13,12,0,1.89,NA,1694724359
286,bahia de kino,28.8333,-111.9333,40.51,39,0,5.45,MX,1694724359
287,maintirano,-18.0667,44.0167,24.23,84,0,0.85,MG,1694724360
288,el calafate,-50.3408,-72.2768,1.82,87,100,0.37,AR,1694724360
289,bamna,23.0833,74.7667,22.94,97,100,3.5,IN,1694724360
290,vrangel',42.7297,133.0839,14.99,69,0,2.02,RU,1694724360
291,port lincoln,-34.7333,135.8667,11.05,91,2,3.35,AU,1694724361
292,malango,-2.9627,119.9001,17.64,92,33,0.84,ID,1694724361
293,beaufort west,-32.3567,22.583,12.46,39,46,2.41,ZA,1694724361
294,suomussalmi,64.8869,28.9078,5.66,94,46,2.05,FI,1694724362
295,naracoorte,-36.9579,140.7383,9.65,97,100,3.37,AU,1694724362
296,greencastle,39.6445,-86.8647,25.92,43,100,2.57,US,1694724362
297,lerwick,60.1545,-1.1494,13.0,82,15,14.73,GB,1694724363
298,tazovsky,67.4667,78.7,10.05,94,100,5.21,RU,1694724363
299,ar ruways,24.1103,52.7306,31.43,81,0,3.34,AE,1694724242
300,sittwe,20.15,92.9,26.34,87,97,3.18,MM,1694724363
301,arraial do cabo,-22.9661,-42.0278,23.92,83,75,5.14,BR,1694724172
302,ulsteinvik,62.3432,5.8487,11.71,84,96,4.02,NO,1694724364
303,las khorey,11.1595,48.1967,31.46,69,11,0.87,SO,1694724364
304,zakynthos,37.7914,20.8953,23.13,72,55,2.24,GR,1694724364
305,estacion santa engracia,24.0159,-99.2015,37.06,21,0,6.0,MX,1694724364
306,rikaze,29.25,88.8833,12.64,55,33,1.72,CN,1694724365
307,araucaria,-25.5931,-49.4103,18.29,56,40,1.13,BR,1694724365
308,eisfeld,50.4167,10.9167,13.27,85,3,2.03,DE,1694724365
309,selfoss,63.9331,-20.9971,7.8,85,19,3.23,IS,1694724366
310,conception bay south,47.4999,-52.9981,17.25,96,96,4.02,CA,1694724366
311,port mathurin,-19.6833,63.4167,23.04,71,99,6.45,MU,1694724366
312,tiassale,5.8983,-4.8283,22.82,98,63,1.5,CI,1694724366
313,yemva,62.59,50.8594,11.39,86,65,2.72,RU,1694724367
314,petropavlovsk-kamchatsky,53.0452,158.6483,10.33,66,0,3.0,RU,1694724367
315,auki,-8.7676,160.7034,25.4,85,79,2.91,SB,1694724367
316,dongola,19.1667,30.4833,32.74,20,4,6.37,SD,1694724367
317,fort mcmurray,56.7268,-111.381,18.77,52,0,5.14,CA,1694724106
318,papao,-17.75,-149.55,22.82,89,100,9.89,PF,1694724368
319,galliano,29.4422,-90.2992,34.0,43,40,4.12,US,1694724224
320,cruzeiro do sul,-29.5128,-51.9853,13.06,83,26,1.83,BR,1694724366
321,nizhnekamsk,55.6366,51.8245,16.44,51,0,2.0,RU,1694724368
322,kharod,21.75,82.5667,23.82,98,100,2.08,IN,1694724369
323,raduzhny,62.0961,77.475,14.47,68,9,2.33,RU,1694724369
324,cromer,52.9312,1.2989,17.26,100,100,1.34,GB,1694724369
325,iquique,-20.2208,-70.1431,19.02,71,30,2.23,CL,1694724369
326,pachino,36.7186,15.0907,24.19,70,78,4.51,IT,1694724370
327,san diego,32.7153,-117.1573,29.13,64,20,5.14,US,1694724010
328,ginir,7.1333,40.7,17.24,65,94,2.57,ET,1694724370
329,hamilton,39.1834,-84.5333,26.16,47,75,4.12,US,1694724134
330,pisco,-13.7,-76.2167,20.03,73,20,9.26,PE,1694724371
331,codrington,-38.2667,141.9667,10.18,95,80,4.15,AU,1694724371
332,xinmin,41.9908,122.8253,15.79,87,0,4.29,CN,1694724371
333,prince rupert,54.3161,-130.3201,15.05,65,100,9.77,CA,1694724128
334,faya-largeau,17.9257,19.1043,35.34,20,3,5.32,TD,1694724371
335,pruzhany,52.5567,24.4644,12.33,92,6,3.29,BY,1694724372
336,callao,-12.0667,-77.15,20.95,72,100,3.09,PE,1694724372
337,majuro,7.0897,171.3803,28.98,83,100,3.6,MH,1694724372
338,santa elena de uairen,4.6167,-61.1333,28.23,41,53,3.47,VE,1694724372
339,antalaha,-14.9003,50.2788,20.73,91,50,3.15,MG,1694724373
340,ha'il,27.5219,41.6907,32.01,17,0,2.06,SA,1694724373
341,balaipungut,1.05,101.2833,23.79,89,41,1.24,ID,1694724373
342,hami,42.8,93.45,18.78,29,6,4.96,CN,1694724373
343,tralee,52.2704,-9.7026,11.83,96,100,2.43,IE,1694724373
344,la'ie,21.6477,-157.9253,28.98,82,50,4.02,US,1694724374
345,burao,9.5221,45.5336,26.3,49,38,5.09,SO,1694724374
346,guerrero negro,27.9769,-114.0611,24.48,59,0,7.64,MX,1694724374
347,kasongo-lunda,-6.4667,16.8167,25.37,61,17,0.26,CD,1694724374
348,levuka,50.1834,-105.4011,19.9,30,20,11.83,CA,1694724375
349,midvagur,62.0511,-7.1939,9.46,81,100,13.38,FO,1694724375
350,kapuskasing,49.4169,-82.4331,19.0,42,20,7.72,CA,1694724302
351,queenstown,-31.8976,26.8753,12.02,30,79,2.19,ZA,1694724271
352,touros,-5.1989,-35.4608,25.48,78,5,6.66,BR,1694724375
353,helena valley southeast,46.6153,-111.9216,25.73,36,20,1.79,US,1694724376
354,alaghsas,17.0187,8.0168,36.2,24,82,2.32,NE,1694724376
355,puerto aysen,-45.4,-72.7,9.02,100,100,0.0,CL,1694724376
356,piti village,13.4626,144.6933,27.39,92,29,5.07,GU,1694724376
357,logten,56.2746,10.3118,13.41,84,75,1.54,DK,1694724377
358,sinabang,2.4803,96.3801,27.15,81,100,2.67,ID,1694724377
359,san julian,21.0167,-102.1667,27.29,23,3,1.98,MX,1694724377
360,owando,-0.4819,15.8999,23.05,96,91,0.94,CG,1694724378
361,kharan,28.5833,65.4167,28.11,12,1,2.61,PK,1694724249
362,owen sound,44.5672,-80.9435,19.98,56,0,3.13,CA,1694724378
363,vadso,70.0744,29.7487,4.49,87,20,2.57,NO,1694724378
364,bontang,0.1333,117.5,24.68,92,99,2.45,ID,1694724378
365,tadine,-21.55,167.8833,18.76,92,100,12.77,NC,1694724379
366,fada,9.5667,8.3,20.03,97,100,1.93,NG,1694724379
367,antofagasta,-23.65,-70.4,16.6,69,10,3.13,CL,1694724379
368,saint-pierre,-21.3393,55.4781,19.82,60,0,2.06,RE,1694724379
369,inari,68.906,27.0288,1.11,88,44,0.28,FI,1694724380
370,takum,7.2667,9.9833,23.71,93,100,1.22,NG,1694724380
371,shache,38.4167,77.2406,24.84,22,0,2.44,CN,1694724380
372,hasaki,35.7333,140.8333,25.16,90,22,2.14,JP,1694724380
373,north platte,41.1239,-100.7654,24.65,52,40,3.58,US,1694724381
374,ola,59.5833,151.2833,7.68,80,14,2.12,RU,1694724381
375,burang,30.25,81.1667,9.52,86,76,1.88,CN,1694724381
376,bainbridge,47.6262,-122.5212,26.75,60,0,3.6,US,1694724381
377,mournies,35.4764,24.0092,27.68,88,20,3.09,GR,1694724381
378,orange,33.7,-117.7675,30.13,57,20,4.12,US,1694724346
379,mermoz boabab,14.7065,-17.4758,28.31,79,97,4.59,SN,1694724382
380,thunder bay,48.4001,-89.3168,17.99,55,75,4.63,CA,1694724381
381,rondonopolis,-16.4708,-54.6356,25.62,57,92,2.08,BR,1694724383
382,lone grove,34.1754,-97.2628,24.58,73,100,2.57,US,1694724383
383,aoulef,26.9667,1.0833,35.28,10,1,5.86,DZ,1694724383
384,opuwo,-18.0607,13.84,22.49,18,0,2.45,NA,1694724384
385,mingguang,32.7802,117.9638,19.76,88,77,2.56,CN,1694724384
386,medicine hat,50.0501,-110.6683,22.62,27,20,6.17,CA,1694724328
387,grand island,40.925,-98.342,26.27,46,40,3.6,US,1694724384
388,sarupathar,26.1984,93.8094,24.64,96,73,1.47,IN,1694724384
389,lesnikovo,55.2822,65.3175,15.99,68,77,0.83,RU,1694724385
390,santa rita,-7.1139,-34.9781,26.37,78,75,6.69,BR,1694724385
391,san luis de la loma,17.2706,-100.8939,31.13,72,100,3.36,MX,1694724385
392,okhotsk,59.3833,143.3,6.1,72,11,3.9,RU,1694724385
393,hadibu,12.65,54.0333,26.29,81,31,8.27,YE,1694724385
394,kota bharu,6.1333,102.2386,24.99,94,20,1.03,MY,1694724386
395,ayaviri,-14.8864,-70.5889,17.98,16,39,4.92,PE,1694724386
396,road town,18.4167,-64.6167,32.02,66,20,3.6,VG,1694724330
397,mata-utu,-13.2816,-176.1745,27.49,77,6,8.68,WF,1694724386
398,coahuayana de hidalgo,18.7,-103.6583,32.28,68,49,3.3,MX,1694724387
399,hotan,37.0997,79.9269,22.55,19,0,0.68,CN,1694724387
400,nago,26.5881,127.9761,27.24,85,13,2.07,JP,1694724387
401,nantong,32.0303,120.8747,22.21,95,100,2.06,CN,1694724387
402,taguatinga,-12.3857,-46.5711,34.41,17,38,1.24,BR,1694724175
403,arteche,12.2645,125.4048,25.37,89,59,2.24,PH,1694724388
404,kalyazin,57.2403,37.8433,12.2,72,28,2.99,RU,1694724388
405,ulladulla,-35.35,150.4667,16.82,52,98,2.74,AU,1694724388
406,iskateley,67.6803,53.1512,6.42,92,100,6.37,RU,1694724388
407,san fernando,15.0286,120.6898,25.85,92,100,0.67,PH,1694724388
408,tahe,52.3333,124.7333,5.42,94,39,1.56,CN,1694724389
409,akjoujt,19.6969,-14.4164,38.02,19,7,7.71,MR,1694724389
410,singaraja,-8.112,115.0882,24.25,78,13,2.35,ID,1694724389
411,abrego,8.0807,-73.2205,24.39,72,100,1.99,CO,1694724389
412,rock springs,41.5875,-109.2029,18.69,42,75,5.66,US,1694724390
413,keflavik,64.0049,-22.5624,9.95,87,0,4.12,IS,1694724390
414,yaren,-0.5472,166.916,27.74,77,59,0.79,NR,1694724390
415,ierapetra,35.01,25.7353,25.64,36,10,3.58,GR,1694724390
416,turaif,31.6725,38.6637,26.14,24,0,4.12,SA,1694724390
417,prainha,-1.8,-53.48,34.7,32,13,2.05,BR,1694724391
418,letlhakane,-21.4167,25.5833,19.32,41,0,1.47,BW,1694724391
419,mount pearl,47.5166,-52.7813,16.92,96,100,4.63,CA,1694724391
420,mersa matruh,31.3525,27.2453,25.11,69,0,4.12,EG,1694724392
421,rongelap,11.1635,166.8941,28.6,77,91,5.68,MH,1694724392
422,ko pha ngan,9.7578,100.0291,24.46,78,100,8.23,TH,1694724392
423,rio grande city,26.3798,-98.8203,40.49,24,3,4.86,US,1694724274
424,tianpeng,30.9866,103.9393,23.45,79,100,1.34,CN,1694724392
425,bakanas,44.8081,76.2772,15.97,50,100,3.69,KZ,1694724393
426,bumba,2.1833,22.4667,22.11,93,100,1.41,CD,1694724393
427,oranjemund,-28.55,16.4333,12.53,80,1,2.25,NA,1694724393
428,segezha,63.7415,34.3222,8.76,90,100,4.34,RU,1694724393
429,chimoio,-19.1164,33.4833,16.92,88,20,1.01,MZ,1694724393
430,msanga,-6.05,36.0333,20.01,54,3,2.39,TZ,1694724394
431,port douglas,-16.4833,145.4667,22.32,64,54,8.56,AU,1694724115
432,port alberni,49.2413,-124.8028,24.4,54,8,1.34,CA,1694724394
433,pires do rio,-17.2997,-48.2794,27.61,42,69,3.75,BR,1694724394
434,constitucion,-35.3333,-72.4167,14.97,85,74,2.92,CL,1694724395
435,norrtalje,59.758,18.705,6.1,88,28,0.88,SE,1694724395
436,kirchberg in tirol,47.3907,12.3072,14.14,89,70,1.07,AT,1694724395
437,shushenskoye,53.325,91.9356,9.48,80,100,1.93,RU,1694724395
438,villa gesell,-37.2639,-56.973,15.03,62,100,6.24,AR,1694724395
439,port saint john's,-31.6229,29.5448,18.18,79,100,1.59,ZA,1694724396
440,carnarvon,-24.8667,113.6333,17.39,80,0,5.56,AU,1694724396
441,jeremie,18.65,-74.1167,29.13,76,87,1.23,HT,1694724396
442,howard springs,-12.497,131.047,22.95,78,50,2.61,AU,1694724396
443,cabo san lucas,22.8909,-109.9124,35.9,66,0,3.09,MX,1694723728
444,suntar,62.1444,117.6319,5.04,93,100,3.45,RU,1694724397
445,lautoka,-17.6167,177.4667,24.92,78,20,4.63,FJ,1694724397
446,huaidian,33.4333,115.0333,19.43,87,8,1.69,CN,1694724397
447,areal,-22.2306,-43.1056,20.23,91,84,2.05,BR,1694724397
448,tailai,46.3833,123.4,14.9,91,44,1.28,CN,1694724398
449,santiago de cao,-7.9589,-79.2392,21.07,78,12,6.17,PE,1694724398
450,pangody,65.85,74.4859,11.68,83,62,3.09,RU,1694724398
451,hithadhoo,-0.6,73.0833,28.03,77,71,6.88,MV,1694724398
452,coquimbo,-29.9533,-71.3436,19.85,55,0,7.72,CL,1694724196
453,manicore,-5.8092,-61.3003,35.97,44,0,2.06,BR,1694724399
454,argo,37.6333,22.7333,24.12,49,70,0.79,GR,1694724399
455,ventspils,57.3894,21.5606,14.96,67,75,3.09,LV,1694724399
456,vila franca do campo,37.7167,-25.4333,23.82,99,100,2.47,PT,1694724399
457,lucapa,-8.4192,20.7447,21.78,71,7,1.24,AO,1694724399
458,kourou,5.1552,-52.6478,31.03,78,1,4.38,GF,1694724400
459,hammerfest,70.6634,23.6821,6.25,81,40,3.09,NO,1694724400
460,castillos,-34.1667,-53.8333,10.48,73,72,1.85,UY,1694724400
461,hanover,52.3705,9.7332,12.99,92,0,1.03,DE,1694724248
462,kabinda,-6.1333,24.4833,23.58,67,44,1.66,CD,1694724400
463,kuala belait,4.5833,114.1833,25.09,88,100,1.89,BN,1694724401
464,emerald,-23.5333,148.1667,15.05,73,0,2.91,AU,1694724401
465,mednogorsk,51.4128,57.595,12.46,72,17,1.0,RU,1694724401
466,linxia chengguanzhen,35.6003,103.2064,12.98,68,2,1.28,CN,1694724401
467,villa ojo de agua,-29.5,-63.6938,21.85,19,0,7.05,AR,1694724402
468,tura,25.5198,90.2201,24.03,91,96,2.38,IN,1694724402
469,manokwari,-0.8667,134.0833,25.55,84,100,2.95,ID,1694724402
470,dodge city,37.7528,-100.0171,21.24,77,100,5.14,US,1694724402
471,faaa,-17.55,-149.6,22.98,83,75,2.57,PF,1694724402
472,brisas de zicatela,15.8369,-97.0419,32.29,48,75,6.17,MX,1694724403
473,parun,35.4207,70.9221,13.36,60,0,2.39,AF,1694724403
474,lisala,2.15,21.5167,21.17,87,100,0.55,CD,1694724403
475,marsannay-la-cote,47.271,4.989,17.71,77,0,2.06,FR,1694724403
476,kangding,30.0513,101.9603,10.91,83,29,1.75,CN,1694724403
477,puerto leguizamo,-0.1934,-74.7819,30.07,62,98,1.1,CO,1694724404
478,flin flon,54.7682,-101.865,17.91,55,75,3.6,CA,1694724404
479,kerrville,30.0474,-99.1403,35.3,46,75,4.63,US,1694724404
480,shalqar,47.8333,59.6,17.56,47,93,0.85,KZ,1694724404
481,paradip garh,20.3167,86.6167,27.25,87,100,5.55,IN,1694724405
482,inarajan village,13.2736,144.7484,27.44,95,45,5.72,GU,1694724405
483,byakabanda,-0.7425,31.4064,21.07,61,85,0.55,UG,1694724405
484,la mira,18.035,-102.3266,30.3,75,93,2.88,MX,1694724405
485,rio grande,-32.035,-52.0986,16.06,75,9,3.31,BR,1694724405
486,shevchenko,48.5,35.0,18.35,41,11,3.17,UA,1694724290
487,lebu,-37.6167,-73.65,12.58,98,100,4.26,CL,1694724406
488,radeberg,51.1167,13.9167,13.23,56,0,0.51,DE,1694724406
489,kavaratti,10.5669,72.642,27.51,79,100,6.13,IN,1694724406
490,sandersville,32.9815,-82.8101,26.69,57,69,2.74,US,1694724406
491,machico,32.7,-16.7667,23.73,80,40,3.6,PT,1694724407
492,taoudenni,22.6783,-3.9836,39.09,11,6,4.12,ML,1694724407
493,chaksu,26.6,75.95,27.51,78,47,0.57,IN,1694724407
494,naze,28.3667,129.4833,26.51,86,44,4.08,JP,1694724407
495,ashgabat,37.95,58.3833,20.92,32,40,2.06,TM,1694724221
496,kagoro,9.6,8.3833,19.87,97,100,1.02,NG,1694724408
497,fountainhead-orchard hills,39.6864,-77.719,26.31,39,0,4.63,US,1694724408
498,mahanoro,-19.9,48.8,20.6,85,36,1.67,MG,1694724408
499,ak'ordat,15.5486,37.8867,30.92,46,56,2.1,ER,1694724408
500,mossel bay,-34.1831,22.146,13.97,74,85,2.68,ZA,1694724409
501,sarina,-21.4333,149.2167,19.04,1,8,4.16,AU,1694724409
502,nieuw amsterdam,5.8833,-55.0833,35.09,52,20,4.12,SR,1694724409
503,meadow lakes,61.6247,-149.6011,9.36,91,100,0.89,US,1694724409
504,dunedin,-45.8742,170.5036,6.53,80,83,10.42,NZ,1694724396
505,mana,5.6592,-53.7767,27.57,77,0,4.56,GF,1694724410
506,puerto carreno,6.189,-67.4859,32.99,55,40,2.06,CO,1694724410
507,ahtari,62.554,24.0619,5.59,87,68,1.89,FI,1694724410
508,uvalde,29.3669,-99.767,36.84,34,0,2.57,US,1694724210
509,xining,36.6167,101.7667,10.1,73,6,1.45,CN,1694724411
510,oyugis,-0.509,34.7358,18.32,81,59,1.42,KE,1694724411
511,sitka,57.0531,-135.33,12.94,88,100,2.06,US,1694724411
512,moravsky krumlov,49.0489,16.3117,16.94,82,75,2.06,CZ,1694724411
513,altay,47.8667,88.1167,7.74,65,6,1.89,CN,1694724412
514,deqen,29.9618,90.7188,8.25,51,0,1.02,CN,1694724412
515,daru,-9.0763,143.2092,24.24,66,100,8.01,PG,1694724412
516,tromso,69.6496,18.957,6.32,87,40,2.57,NO,1694724412
517,cidreira,-30.1811,-50.2056,13.68,70,18,6.42,BR,1694724412
518,zambezi,-13.5432,23.1047,21.53,32,0,2.6,ZM,1694724413
519,puerto baquerizo moreno,-0.9,-89.6,27.55,65,75,6.69,EC,1694724413
520,sainte-marie,-20.8968,55.5496,21.07,78,20,4.12,RE,1694724413
521,tofol,5.3248,163.0078,28.83,71,94,3.92,FM,1694724413
522,kawalu,-7.3817,108.2082,19.03,93,58,0.63,ID,1694724414
523,shenjiamen,29.9576,122.298,24.6,87,88,1.48,CN,1694724414
524,pirapemas,-3.7267,-44.2233,31.23,49,71,2.68,BR,1694724414
525,vila velha,-20.3297,-40.2925,26.97,81,0,8.75,BR,1694724414
526,sinop,41.7711,34.8709,12.99,54,0,3.48,TR,1694724414
527,chul'man,56.8479,124.9104,-0.66,98,94,1.87,RU,1694724415
528,loei,17.4167,101.5,18.74,99,100,1.25,TH,1694724415
529,dhing,26.4667,92.4667,26.36,92,37,2.86,IN,1694724415
530,ormara,25.2088,64.6357,26.21,86,95,3.06,PK,1694724415
531,olyokminsk,60.3736,120.4264,5.75,84,98,4.4,RU,1694724415
532,reggane,26.7158,0.1714,36.11,12,10,4.98,DZ,1694724416
533,anori,-3.7728,-61.6442,38.76,19,8,1.31,BR,1694724416
534,gaalkacyo,6.7697,47.4308,25.87,62,89,8.87,SO,1694724416
535,aswan,24.0934,32.907,31.61,25,0,5.14,EG,1694724416
536,haisyn,48.8114,29.3898,20.61,89,99,6.95,UA,1694724417
537,malpica,43.3228,-8.8105,23.09,79,1,1.63,ES,1694724417
538,nikolayevsk-on-amure,53.1406,140.73,8.85,75,46,1.41,RU,1694724417
539,felege neway,6.3,36.8833,18.81,81,99,0.43,ET,1694724417
540,vernon,50.2581,-119.2691,26.53,33,81,1.54,CA,1694724174
541,tagta,41.6504,59.9164,18.97,39,0,5.14,TM,1694724418
542,kyzylorda,44.8528,65.5092,12.01,47,0,4.0,KZ,1694724418
543,maryborough,-25.5333,152.7,15.45,69,7,2.64,AU,1694724418
544,narvik,68.4384,17.4272,6.0,93,42,1.26,NO,1694724418
545,al ghayzah,16.2079,52.176,27.34,87,90,3.06,YE,1694724419
546,okha,53.5739,142.9478,9.85,78,8,3.33,RU,1694724419
547,vyyezdnoye,55.3815,43.7864,13.79,62,57,2.13,RU,1694724419
548,tuy hoa,13.0833,109.3,25.89,78,81,3.64,VN,1694724419
549,mongo,12.1844,18.693,25.05,85,100,2.3,TD,1694724420
550,martapura,-3.4167,114.85,25.05,100,100,1.54,ID,1694724420
551,mendefera,14.8872,38.8153,17.93,76,4,0.19,ER,1694724420
552,canutama,-6.5339,-64.3831,39.39,19,26,1.94,BR,1694724420
553,carlsbad,33.1581,-117.3506,29.36,67,0,3.13,US,1694724102
554,beau vallon,-20.4189,57.6953,22.13,73,20,1.54,MU,1694724421
555,nemuro,43.3236,145.575,15.49,93,98,7.31,JP,1694724421
556,tumut,-35.3,148.2167,13.17,73,100,1.0,AU,1694724421
557,trzebiatow,54.0615,15.2648,15.58,86,78,1.12,PL,1694724421
558,lorengau,-2.0226,147.2712,26.96,83,53,5.95,PG,1694724422
559,dzhalagash,45.0833,64.6667,14.26,49,0,4.57,KZ,1694724422
560,staszow,50.5631,21.1659,17.75,81,91,2.93,PL,1694724422
561,mantua,45.1667,10.7833,22.58,84,100,0.45,IT,1694724422
562,kilkenny,52.6542,-7.2522,12.88,95,100,2.44,IE,1694724399
563,aioun,16.6614,-9.6149,37.09,30,74,4.01,MR,1694724423
564,lodja,-3.4833,23.4333,19.95,94,83,0.88,CD,1694724423
565,hoemul-li,41.4339,129.67,16.95,85,23,1.04,KP,1694724423
